node_id,url,host
source::00a6d7dc75e0,https://drive.google.com/file/d/1tTr06pkNhNudmZ-KB7sionjiN1K3BvzK/view?usp=drive_link,drive.google.com
source::01a824887348,https://drive.google.com/file/d/1XQknDF7M64yFQzepnP2rNOOe80zTB8Ms,drive.google.com
source::02c4e5160118,https://drive.google.com/file/d/1wlu8BthkLO-vREp72w70xos3P0YpEBy4,drive.google.com
source::0443561aca78,https://drive.google.com/file/d/1r794j5ZoAK8rsI1IKUkvxUfIkGI_oQE9/view?usp=sharing,drive.google.com
source::05db63bbc26f,https://drive.google.com/file/d/1ukz2Hd9Mia_6UEoYejk9_fBK62pBCjnL,drive.google.com
source::0940f32769b6,https://drive.google.com/file/d/1YgM-wtOICw5h3uG9YjrE2SnsHo9GAiel,drive.google.com
source::0b452eb73936,https://drive.google.com/file/d/1bVpiwXXfKDIG94QL3fLFTkqXZ_3_j84g/view?usp=drive_link,drive.google.com
source::0ba248e02e9b,https://drive.google.com/file/d/1M5lTS2n19wxXK8zVDWtmZYpB95RzdTxl/view?usp=drive_link,drive.google.com
source::0c0e22658d01,https://drive.google.com/file/d/1jdgRJeT9l36f-1vNzpsUF4wcXWRAaso8/view?usp=sharing,drive.google.com
source::0de1f64ae778,https://drive.google.com/file/d/1hatqAjIG5hCapL2pwimL5P9xNdE-eIV-,drive.google.com
source::0e331ab70e92,https://drive.google.com/file/d/1_fbGUPxS10NIooWYSftJqY_LD7egFWIy/view?usp=drive_link,drive.google.com
source::10e3480907c7,https://drive.google.com/file/d/1jBqKufdWYIZ5wLZX_3s9O_vb1xjOblAo,drive.google.com
source::121ea4f7ea30,https://drive.google.com/file/d/1NjGLTtv7li6_-JFoLkeH9NMxHnYyl_Xs/view?usp=sharing,drive.google.com
source::125cd950bd03,https://drive.google.com/file/d/1qkaQlyirVXlnRHCMbW4DPPvv59R8CWBh,drive.google.com
source::134d356551bc,https://drive.google.com/file/d/14AOlsRyweT3MPH-7ol7zFTChshnIxqAy,drive.google.com
source::145f936c593a,https://drive.google.com/file/d/1Wr8Mn_BrquE7jcgfXUjgbUvP5_V5WlIm/view?usp=sharing,drive.google.com
source::1538599d35c3,https://drive.google.com/file/d/1R3c9OtxDmQkgPXCAeOA_QYKoLDvVUy5_,drive.google.com
source::156a738bec34,https://drive.google.com/file/d/17qRigB31XcSMNtLp-aPj8BNYiY8_1Neh/view?usp=sharing,drive.google.com
source::19e84f264ba4,https://drive.google.com/file/d/1R-7fFLdXhbz6bcqIDHDfDtHl5W4zn3El/view?usp=drive_link,drive.google.com
source::1ac88b82a6e1,https://drive.google.com/file/d/1n-V1dJMl6o8KaKbkcPWRFFMnJKNIlQA9,drive.google.com
source::1ae964dc5ec7,https://drive.google.com/file/d/1tlEEXzg7_jkUtVW71OyTS4Lm0uctc9N6/view?usp=drive_link,drive.google.com
source::1baf139b1a6f,https://drive.google.com/file/d/1dmthQ7R8FWryFCVwi46PWcZa0Kzmntm_/view?usp=drive_link,drive.google.com
source::1d785640c3b4,https://drive.google.com/file/d/1-0rAdy8nTDjaYHGZPjO4NoKcNlvJcU37/view?usp=drive_link,drive.google.com
source::1f97d73bec62,https://drive.google.com/file/d/1am-WvQIW37u9msJnm4f1_7XMHMwPsX7W/view?usp=drive_link,drive.google.com
source::21843b3894ba,https://drive.google.com/file/d/1xyKmsj65e5evGFzqYGWUsis25X1n3ITw/view?usp=sharing,drive.google.com
source::224d16658e00,https://drive.google.com/file/d/1p8pAlbLRvqpgR75DE0wh4wEYgH_77y2S/view?usp=drive_link,drive.google.com
source::23484c97e9da,https://drive.google.com/file/d/1nsGGzgpc8VFR_GwLcT66ISyvOjJxlS0u/view?usp=drive_link,drive.google.com
source::2475d9c606bc,"https://drive.google.com/file/d/10prfuBRoza-cFQVu7Go9NO2YKRJxYvoS,",drive.google.com
source::24f64ce8d5b8,https://drive.google.com/file/d/1FnOn-BFH4RER6sB6VmJ1w2rdF5UyrUA1/view?usp=drive_link,drive.google.com
source::2564c75d37f4,https://drive.google.com/file/d/1ZtiXLT_aPdxdX3NJeah-dFbMiRh_ymVy,drive.google.com
source::26e9deccb71c,https://drive.google.com/file/d/1kdaluBolN7k6kfeX5FEAg0NiF1aLUt6k/view?usp=drive_link,drive.google.com
source::29a2ddc1fd06,https://drive.google.com/file/d/1ouKxbq_sjKlNruAUWCJWWbTV9zewX5cw,drive.google.com
source::29fe11ba59c7,https://drive.google.com/file/d/173dDKIphTn6XUEt6jwUm03V4j-aX-h1L/view?usp=drive_link,drive.google.com
source::2c1da41c1e4f,https://drive.google.com/file/d/1vcjehAHragW7WLowIL6hSfrit_QpsRYU,drive.google.com
source::2cb8bbb7cb7a,https://drive.google.com/file/d/1kGzOhASAt50Z-DwmBzcR5UDPnETgoi1o,drive.google.com
source::2dd634080b2e,https://drive.google.com/file/d/1zx1VavwNlg9I4cw43hp4HP5Op4-e9-ir,drive.google.com
source::2de65b0466bb,https://drive.google.com/file/d/1lFn3GqPPsf1MrGdjJFAANal5p4rcshuq/view?usp=drive_link,drive.google.com
source::2f12f3248542,https://drive.google.com/file/d/1_EG1PvvPaYZRf0jGnQ5fRP_hjI2ZG1aF,drive.google.com
source::309abf80b39b,https://drive.google.com/file/d/1ZuLxnnVYNpobK-OaALY8JFrgXrA3wYNW,drive.google.com
source::34713f6c57d1,https://drive.google.com/file/d/1otJ4DSsH_qLjNPuzMjpcJ0y-NnKB8I6c/view?usp=sharing,drive.google.com
source::3745508efecc,https://drive.google.com/file/d/1dnGFiY5Td69q8_qwhdgsrzZc3uKk7wj3,drive.google.com
source::37a78d410da5,https://drive.google.com/file/d/1-76xB6iQaJEWFqqV8hHd5FlsaK6u-M2u/view?usp=drive_link,drive.google.com
source::3975674d04f8,https://drive.google.com/file/d/1DBbPFx69v0EBNEnk01KXEPh09yMzJQP2,drive.google.com
source::3ae68bc24291,https://drive.google.com/file/d/1Cx1AmlfF6pZp0LBzpmARgIff_oOG7e3U/view?usp=drive_link,drive.google.com
source::3b3cb019f283,https://drive.google.com/file/d/18GL8G5qonj6Qo3Va_sMg2aCFHL6kXoG7,drive.google.com
source::3b452ae68922,https://drive.google.com/file/d/1kdE8PzkMsFDQD_ukiufSSCHgb-JPXD2y,drive.google.com
source::4251b4328ec9,https://drive.google.com/file/d/1OwPdtrmY_nMTuzEKOYtXbBaM6l5kqcY5,drive.google.com
source::4259fac4ab30,https://drive.google.com/file/d/1ImEbTAOIrZRdpPdSim5HAQ9F44YEBdkp/view?usp=drive_link,drive.google.com
source::42d68d1b4ab8,https://drive.google.com/file/d/16fobTqh0MjqDeqkTrzV4cyOcyGilhZWM/view?usp=sharing,drive.google.com
source::436fd671dd98,https://drive.google.com/file/d/1eQvtV-HM0xcKPFZ3LHI-6LaVLlwOH2iP/view?usp=drive_link0,drive.google.com
source::438fdb2c5bab,https://drive.google.com/file/d/1vH9h9fEbLVUio4fu7hpeWfgIWJGM-jU4,drive.google.com
source::444ae42558ca,https://drive.google.com/file/d/1SYIOlvwgEleSpGOeD-fFoVLB-03wHSbZ/view?usp=sharing,drive.google.com
source::446cd97e9d11,https://drive.google.com/file/d/1KCk6lzNhfDPG-gBpj-htvviBt-qchzHk/view?usp=sharing,drive.google.com
source::460c1dcd7c37,https://drive.google.com/file/d/19zL-l2TW15vC68ztURTSvd1V5J7FSnLw/view?usp=sharing,drive.google.com
source::466914fcb35a,https://drive.google.com/file/d/1FWd3mOQn6fD47MwF_FnBWfo_h-FRu4nc,drive.google.com
source::47735f8d8160,https://drive.google.com/file/d/11UKnSUX9OGHIfdtvBS9obn5xJFx4XJFD/view?usp=drive_link,drive.google.com
source::47f9cb5c85df,https://drive.google.com/file/d/1qcHRgVcJkTJElhciXVDnWmgEuRAesGiZ,drive.google.com
source::48985669ca4e,https://drive.google.com/file/d/1dSlQp9jzuIdWASkwo9aeWzYRPp8ALSnj/view?usp=drive_link,drive.google.com
source::48adc4999867,https://drive.google.com/file/d/13euLI6rixysZtZj74fhDcfnxFzIo0nYj/view?usp=drive_link,drive.google.com
source::4a81d9b381ea,https://drive.google.com/file/d/13-0RiyebKabfrlmatqa1KqcLaOpl7E5Y/view?usp=drive_link,drive.google.com
source::4bc427a64ae7,https://drive.google.com/file/d/1aJusLBzWdB7Iv_PLDbwCL08rJrj8jrR4/view?usp=drive_link,drive.google.com
source::4bf1d0994500,https://drive.google.com/file/d/14leo6TgW9eIEMYsVk41Ws33IV1OEWf5U/view?usp=drive_link,drive.google.com
source::4d056e911bf3,https://drive.google.com/file/d/1l7aQUZ2EGFcgoQW2ybNo_uwDEGTCXSTd/view?usp=sharing,drive.google.com
source::4d382624d1b7,https://drive.google.com/file/d/1Iq5Jl9KOyGHM9ItsmiV0kz4VRqGJXb5s,drive.google.com
source::4eb21d96950b,https://drive.google.com/file/d/1GZmoBESmnpETdR29E4gSaozEBWOUbEVO,drive.google.com
source::4ee7487e56ce,https://drive.google.com/file/d/1VWvBjRZa3E5rpzr7jU5E5NwArWY3A5Ct/view?usp=drive_link,drive.google.com
source::4fe09d7b5c5a,https://drive.google.com/file/d/1tKCDa4pQDyePNo_XQ77sDreS7jbsZjEy/view?usp=drive_link,drive.google.com
source::52616069f1c8,https://drive.google.com/file/d/14De5SzrL3yY2RQ4BfoJK6S19yjUhVKDG,drive.google.com
source::5348066db4e1,https://drive.google.com/file/d/1nUQylrt04VYPN0fj7D_F607H4jLGkDBl/view?usp=drive_link,drive.google.com
source::53eb77646190,https://drive.google.com/file/d/139IErBBFXmWwRRUxVmIEvZ-g7lMAeJn7/view?usp=drive_link,drive.google.com
source::5472b562763d,https://drive.google.com/file/d/1-bF_zrKwnLvwK-Qbh1YB-m874MTztOqK/view?usp=drive_link,drive.google.com
source::54df629625cd,https://drive.google.com/file/d/1H7zOmCIqj0iT8_DLxxaznT-ey0JaXNpb,drive.google.com
source::5605bb3d0e5b,https://drive.google.com/file/d/1o3CaTzgcIzGkCGj4rxEZJRKriGQOkRFt,drive.google.com
source::56f8d4872d88,https://drive.google.com/file/d/1TfsdsH-u1fAyEiUsHkRYKGk286cNQt4g/view?usp=drive_link,drive.google.com
source::5812e3cae83f,https://drive.google.com/file/d/1VzsusiOqsdDO9MERl_tmxlGIvnhD4kwD,drive.google.com
source::58172792ab60,https://drive.google.com/file/d/1wv6tKxqemeHMzUU_nqCAv0VDNLS40EAR/view?usp=drive_link,drive.google.com
source::5b14e5de1a10,https://drive.google.com/file/d/1pU0KR-fW94DPoU3TLRGqfBYkJNHOwov4/view?usp=sharing,drive.google.com
source::5b47b2931b4c,https://drive.google.com/file/d/1WFYcf9H4W3hS_mG0FQFCkGdnD309LeTj/view?usp=sharing,drive.google.com
source::5b81a6af746c,https://drive.google.com/file/d/1l3aDFRhqOgNu6QjNZjpn0QMJoWBR_X5v,drive.google.com
source::5cab4cc8c90c,https://drive.google.com/file/d/1Z1GQZwTQffamT7IE5Ek9rOh0K3JIM3h0,drive.google.com
source::5d365f81e268,https://drive.google.com/file/d/160WkOVCcSOvwf9xP7j_HML2xdT61aE_q/view?usp=drive_link,drive.google.com
source::5d9dd864944d,https://drive.google.com/file/d/18PyoB7N8eg6K2NLfSGRX0hIgWsXRioyj/view?usp=sharing,drive.google.com
source::5df25efbd57f,https://drive.google.com/file/d/1CPTA2hnqTfMCT2L2mkZ2J9J34_J1t955/view?usp=drive_linkk,drive.google.com
source::5e31cad0df9a,https://drive.google.com/file/d/1h8lKpI8BgtXle8xP8lsYvC3-T1cfF7Lv/view?usp=sharing,drive.google.com
source::5f27968bbac4,https://drive.google.com/file/d/1N7xb3-xHbfYfi0eNEeBztkLte4GwJxzh/view?usp=drive_link,drive.google.com
source::619ab7421d14,https://drive.google.com/file/d/1Yi4CcOwZKr7ySxPG__CPeZQ0Imlj0CNC,drive.google.com
source::621866c5fc13,https://drive.google.com/file/d/1wvJiUU9iTZgqcXm0qmHtitMTYTjM9J5z/view?usp=drive_link,drive.google.com
source::621da0e5855f,https://drive.google.com/file/d/1hF57ibnPSpndbN9W6SgSkq79MeBLnDWl/view?usp=sharing,drive.google.com
source::62417ca23f46,https://drive.google.com/file/d/1javG-83OK_rpd65I7oXbu3x_IeslHa8e,drive.google.com
source::63bdf745416d,https://drive.google.com/file/d/1uWOtGe3NHmw7giIc98uohndwLXfzrPfS/view?usp=drive_link,drive.google.com
source::6418d24f8cc5,https://drive.google.com/file/d/1XGQSuovgW8KQ1mngVbkrogaoFsVhFf-D/view,drive.google.com
source::6497024ae9f8,https://drive.google.com/file/d/1KpTuuL8jMg4iau-oeFE974FXujAioIDW,drive.google.com
source::64a8ebfcd311,https://drive.google.com/file/d/1Bt5k8cLq0y7co_tf-ZqjVuMuhVZaNLJs/view?usp=sharing,drive.google.com
source::64e5293422a6,https://drive.google.com/file/d/1ZdQIpu1jpeWwt8ptBxxJHyfUQ7gzk_xX,drive.google.com
source::65008c6a83eb,https://drive.google.com/file/d/1FPDkOuNpogUz_JdkORFPIRy-vTHJumJ4,drive.google.com
source::6ab243fc637d,https://drive.google.com/file/d/1GRbAv94kR5zAOobkO_yrGEJuetsw_ClN/view?usp=drive_link,drive.google.com
source::6b4d4cb62371,https://drive.google.com/file/d/1hFOXpp-6kZUckiU1Ym65QhBXJpVzeqRx,drive.google.com
source::6bcdefefccbb,https://drive.google.com/file/d/1rcvRLjQkjfPssoNnjk1gkVEidC9xifBh,drive.google.com
source::6dd177ccc8b6,https://drive.google.com/file/d/1e2NldtjHYGmSNs0o0kv417nchTKpjh0k/view?usp=sharing,drive.google.com
source::6eb33a9ea323,https://drive.google.com/file/d/1UlC3tOWbYCzVImhV0iR0Z065YIW21YFh,drive.google.com
source::6eb621ebe94e,https://drive.google.com/file/d/1p5DiB02gGkU5lay_HQ0kQXcEvQZotkbS,drive.google.com
source::6f0272750682,https://drive.google.com/file/d/1xrQsnG2TU0HmrYNL3oKvVg8k90joVIka/view?usp=sharing,drive.google.com
source::6f43a3b7f939,https://drive.google.com/file/d/1OpjFQ3657gIC10dwzMAlZ9iNcnzC26NQ,drive.google.com
source::7049c1183074,https://drive.google.com/file/d/1j7pZDkNukk2SPzAAZdolMt3lPi-PChYM/view?usp=drive_link,drive.google.com
source::7069f72dd6f2,https://drive.google.com/file/d/1jrrO_w9rND8O5pf3XLCyz9nNO8kteY4s,drive.google.com
source::731feb68e3b2,https://drive.google.com/file/d/1E-62SB2j4t5i9j991jTlSD_Zyqx3ua4s/view?usp=drive_link,drive.google.com
source::73ab4c52466f,https://drive.google.com/file/d/1uZz-S90xBd-__OgLDsUwd8RALwH5Cdua/view?usp=drive_link,drive.google.com
source::73bd8aa846d7,https://drive.google.com/file/d/1fQiL9wWac0T_hRy4gjFlCbj_PVMYMvHc/view?usp=share_link,drive.google.com
source::7827592436bd,https://drive.google.com/file/d/1Q_736JR6L9PWGJ9IgxvSZRCUmkqwxdu8,drive.google.com
source::797e2a24b600,https://drive.google.com/file/d/1QM9GArHcV4HHTjkedWAlc_haTsXZ1d-2/view?usp=sharing,drive.google.com
source::79a06ffdbc0d,https://drive.google.com/file/d/1Rhesjoo5SCINX_7W-cYCqvUcQv-P0GWq,drive.google.com
source::7a2040d4c0d6,https://drive.google.com/file/d/1_C2b4WIsC2sQfSsGgR3ydmzm6hV2i647,drive.google.com
source::7bcd51a81b64,https://drive.google.com/file/d/1RIWWMX_K-7f7syKfGhHuKUHqOM-kk8Ue/view?usp=sharing,drive.google.com
source::7cc69940bb92,https://drive.google.com/file/d/1Andhw_wyKwDHhf80fKaoy-twOCFyklQf,drive.google.com
source::7d58b41e3fef,https://drive.google.com/file/d/15QIs7Ijtn5mWcgI1fYFU34EWpbVVBd5I/view?usp=drive_link,drive.google.com
source::7de78096e42d,https://drive.google.com/file/d/11lVhaAktlQ7HhAo6hTQrC6A31fAqPlv5/view?usp=drive_link,drive.google.com
source::80974670eb52,https://drive.google.com/file/d/1NXbTU-8DKTteBWrcLMjkCqWwr8uKiC2C,drive.google.com
source::8182cfa68f0c,https://drive.google.com/file/d/1AcVI6cCr7oQl-KbiiyJe2VsvktVe2jGr,drive.google.com
source::81f5993abf3b,https://drive.google.com/file/d/1VlVzwBBgLC0MkNbUs-sx0F7EmfWB7EFs/view?usp=sharing https://okai.co/ES30/,drive.google.com
source::82b8efde2ec4,https://drive.google.com/file/d/1v0VNVqWi-nEdr2aR5AcsrASJvH7xlQ3r,drive.google.com
source::8403ce06a41b,https://drive.google.com/file/d/1h5K1O5DObwkHD7HPKPmNgmE0TNac84Qq,drive.google.com
source::86852edfef2b,https://drive.google.com/file/d/1HsHRBoC4BYfLEIxeYHeurP_imV7cF9yS,drive.google.com
source::8735077ffb39,https://drive.google.com/file/d/1R7svtUi0Dj6rRS0rdwpwsz8mgTKU7UMC,drive.google.com
source::874a420ac91b,https://drive.google.com/file/d/1w1X8QUtoNGe8FupICDo-M4PjMNoNQ7m-,drive.google.com
source::8948aaedc007,https://drive.google.com/file/d/1QuVDXY0OMWjed9QbKtGkyn2_AI07GtYc,drive.google.com
source::89a1e8ae0024,https://drive.google.com/file/d/1_tEeDJaOoN7KRme1njP7xyUWr0Ox_qdU,drive.google.com
source::89e9bdc53ae3,https://drive.google.com/file/d/1JVkqOjbGT1tWt-KlDrs2pHilo0GoSpF3,drive.google.com
source::8a59b84c67f5,https://drive.google.com/file/d/14IqDC5uQ3eNmvZ9cbonHvKIvPEq75SXa/view?usp=sharing,drive.google.com
source::8b2c1723c589,https://drive.google.com/file/d/1OElRJboQ21QQqgXb2WG0t4tK3B6iUKh4/,drive.google.com
source::8b400488338c,https://drive.google.com/file/d/1SMsdYM2lZgKHQ8FpwMuGTwtrUHp6CzxB/view?usp=sharing,drive.google.com
source::8c19198fe1b9,https://drive.google.com/file/d/1Mx_n5UR41hJerjULuFEMAKeTpqERm1Ec/view?usp=drive_link,drive.google.com
source::8e80f80eee00,https://drive.google.com/file/d/17DdLlQcyHQJL9zFVYIOE3IkGqnpQOniy,drive.google.com
source::8fec831bcb87,https://drive.google.com/file/d/10ZQ7zCsr5kdKxR2XThl_uCwvKYZ6DE3H/view?usp=drive_link,drive.google.com
source::9071144109e9,https://drive.google.com/file/d/1ubSGv0m0CUe00JXJx61chDO95RGPFbtM/view?usp=drive_link,drive.google.com
source::90d454a4798b,https://drive.google.com/file/d/1-UkDtMMnnuc6mjzbhR8Vk7Z2pGz2mJTi/view?usp=drive_link,drive.google.com
source::924b8b9af7d2,https://drive.google.com/file/d/1Ux0GEZFnySfBiibUhlX58PgHl-mhwG0A,drive.google.com
source::92c2ca39d403,https://drive.google.com/file/d/1FKqD3Ud5LzZGo6hVxxshMl9QNv-Fwu2m,drive.google.com
source::947370b5bf76,https://drive.google.com/file/d/1Md_PDG9dcpXZQmaWErenyLHCMyTusCh9,drive.google.com
source::948c9d15ae66,https://drive.google.com/file/d/1v1P-ZmgmICtcuILEOkwmzMQDLmghVRPT/view?usp=sharing,drive.google.com
source::948eacb64ec2,https://drive.google.com/file/d/1Q0ByM76TEztpTSMyzUkpyrHyocCSyVRK/view?usp=sharing,drive.google.com
source::949d7218af31,https://drive.google.com/file/d/1NoUWx7yI6kTNOBoP_i8pEWW8ehf8qinF,drive.google.com
source::94d44b98274c,https://drive.google.com/file/d/12GUi78Ili2hDKmaLOgi4yMgXpWae6QmQ/view?usp=drive_link,drive.google.com
source::954530220661,https://drive.google.com/file/d/1ZhFaU67RXIDsYd_TBxey2WnadZJJsran/view?usp=drive_link,drive.google.com
source::971cbcd11b97,https://drive.google.com/file/d/1j0sIPKu80hAaFoGIoKxQ5vzXXcFvuJsf,drive.google.com
source::99806d0d302c,Exportations des Produits Miniers Marchands 2023,
source::9d6d969e64d1,https://drive.google.com/file/d/1V5uhFNtTankS8zg3O8RwiICYTebS0Egi,drive.google.com
source::9e4674a06568,https://drive.google.com/file/d/1ChmjQkXHOPBMdQqsIfuJcaKmQoxVOor3/view?usp=sharing,drive.google.com
source::a057cf42cf20,https://drive.google.com/file/d/1N_AJgjPDDD8XQq3KuV7hbThKxVDRKaZI/view?usp=drive_link,drive.google.com
source::a3fba613eb87,https://drive.google.com/file/d/1L2bPBprCcZaTYT-hxa5XjTM8wN9CgW8s,drive.google.com
source::a44282beb5cf,https://drive.google.com/file/d/1rIyVE31arB9M8nzibKIZaoBqSgxddbU5,drive.google.com
source::a64b9a698c04,https://drive.google.com/file/d/1m5X77fL3knIT_Q__mHIrj69ky0wdztJ4/view?usp=drive_link,drive.google.com
source::a894256e7465,https://drive.google.com/file/d/1rn8AxZp4OlKjR7IOlEgI2Mmwup_j17zy,drive.google.com
source::a8ccad03b160,https://drive.google.com/file/d/1UmXJaEGUgWm2HnppJ5BDgxEqxzGB9vH8,drive.google.com
source::ab0faec57820,https://drive.google.com/file/d/1m_31D_uX7uCS6eyJmeKzww3DJYmT-YVs/view?usp=sharing,drive.google.com
source::ada2580d1d22,https://drive.google.com/file/d/1hAJ7rNhgDNXQhUWB1rDz-Ody5MLDFoku/view?usp=drive_link,drive.google.com
source::add31cec3a30,https://drive.google.com/file/d/1_pRerhy4uN3srz0RyS8n2qn2JiKDK4mP/view?usp=sharing,drive.google.com
source::af72245f7754,https://drive.google.com/file/d/1fnDO3CkoTIZN0CveV3n9d9LEDvQKleCQ,drive.google.com
source::b29b2e129c1d,https://drive.google.com/file/d/1H7zOmCIqj0iT8_DLxxaznT-ey0JaXNpb/edit,drive.google.com
source::b3803d747f5e,https://drive.google.com/file/d/1fVoLDPJvGxaSWFxNo2Hoy7S9zrB-T0Ca/view?usp=sharing,drive.google.com
source::b441e533a9b0,https://drive.google.com/file/d/13j_hTVSMmysbmgraN_lJzNMP4Dz7PgV6,drive.google.com
source::b4ee988f4d57,https://drive.google.com/file/d/1vbD7l1tpvQZQx0yNdpzq0KCmFyXhbH8-,drive.google.com
source::b5b9943e288f,https://drive.google.com/file/d/1bpX4y8H7GUcKoOoQvEPEmxHZh_l39q4B,drive.google.com
source::b6201164a268,https://drive.google.com/file/d/1DQmtDCFUwqEon2CgOdemt1_rDpSsg-ax/view?usp=drive_link,drive.google.com
source::b77dff3d5084,https://drive.google.com/file/d/1pshU-RU4BADk6Lw7fspNYU1IW1UELBtl,drive.google.com
source::b80d654e85aa,https://drive.google.com/file/d/1qn_ZKrhGM5kbZe7kSbHnA2hQPBsJGtYd/view?usp=drive_link,drive.google.com
source::b94a42f71a75,https://drive.google.com/file/d/1w8sT5i8dJQZuHHenSWtjbI6vRNNR5NnY,drive.google.com
source::b9bbb6cdb892,https://drive.google.com/file/d/1qgQ9Kqa-fnGUWALUucf-iFLsalZfqaN6,drive.google.com
source::bc61923679b2,https://drive.google.com/file/d/1FUqAt_IEgv07jGVkhCy-zLzZoMluOahB,drive.google.com
source::bcee3809b74b,https://drive.google.com/file/d/1HoduspbiFK0K1VzZoyPf3Li8UlvTGz2P,drive.google.com
source::be720c6846a1,https://drive.google.com/file/d/1FUSA3o3Y6DE5VZVkU95NWuVX8v5FbVxp,drive.google.com
source::be928c03712b,https://drive.google.com/file/d/1oFs09-a2loRO47yktrCyFEfCc7jEtTRy,drive.google.com
source::be9aa92cb1f6,https://drive.google.com/file/d/191xadLSqT3lDE5kQ4cIkQ5HGWII8wfuN/view?usp=sharing,drive.google.com
source::bf9c2a56d76d,https://drive.google.com/file/d/16pPz8Qy_g1Gwt8A18xWCFDrcc06LBlhp,drive.google.com
source::c084c7d3f4c6,https://drive.google.com/file/d/1RYbqQJnSY99MlQxSKecNsvfKDP28go5n,drive.google.com
source::c10507c5732c,https://drive.google.com/file/d/1R7svtUi0Dj6rRS0rdwpwsz8mgTKU7UMC/view,drive.google.com
source::c2992152f925,https://drive.google.com/file/d/1SO8kxftBOHPAnXrB8pH4AJNdgoaaNeY9/view?usp=sharing,drive.google.com
source::c4147196f79b,https://drive.google.com/file/d/1VEtMTFqKoXfNrr82P_Z_BLpb9OnhMvai,drive.google.com
source::c4ea72de07d9,https://mapforenvironment.org/map/view/688/#7.61/-10.843/25.906,mapforenvironment.org
source::c5351c866197,https://drive.google.com/file/d/1JSRsC2QIYaPbrRdEck5mf1x_STJVcdG1/view?usp=drive_link,drive.google.com
source::c5c44a96ee0a,https://drive.google.com/file/d/1-PRpQIQBv4fh-25gRKGRmL-f_DWbfY9G/view?usp=drive_link,drive.google.com
source::c662c4ea447c,https://drive.google.com/file/d/13dTip2IfrUuXfbtbbA7nDymTSlNMa8K6/view?usp=drive_link,drive.google.com
source::c76e879b5c4a,https://drive.google.com/file/d/1cg8P6KO13YMb8qCsnhJX2rlcfOjUIFHT/view?usp=drive_link,drive.google.com
source::c984ac36a25f,https://drive.google.com/file/d/1rzwiHVwqCjA1HrGVtGh5zKe7OpPFOpp5/view?usp=sharing,drive.google.com
source::ca4bd6c0e25c,https://chinaglobalsouth.com/cobaltmap/fr/flux-de-production.html,chinaglobalsouth.com
source::ca5393843699,https://drive.google.com/file/d/1Sw-IbNnEJb3SG0sbjoRGfVnlu4T0h6Gc,drive.google.com
source::cbdf65db25d6,https://drive.google.com/file/d/1yiIFT0U85jmrCiIqHk9CM9B9JMpliZ7K/view?usp=sharing,drive.google.com
source::ce925d56a1f5,https://drive.google.com/file/d/1OShy39K7SSHHbT-S6IZVKvX5o4pRjaLC,drive.google.com
source::cf6ac37cc763,https://drive.google.com/file/d/1aEsZu7YOvUbhD_jRrJM_dJKHAAd8Jknh/view?usp=sharing,drive.google.com
source::cf9b4430ccce,https://drive.google.com/file/d/1YIdLIifEDOFf2EQT5yiFsFUqBFFHzUNN,drive.google.com
source::d05e5230096b,https://drive.google.com/file/d/1Bfy4Amxv5_mgHHGANOhIf6LxCJu-mGwm,drive.google.com
source::d14b863e7b95,https://drive.google.com/file/d/1c6_K_4NNObk4vpGvnO5kKLovBy4hJuOk/view?usp=drive_link,drive.google.com
source::d22aaf41cd21,https://drive.google.com/file/d/1cTAinLUH4atSY6FJikTr-MYYIGy9cc9W,drive.google.com
source::d255e00f7e3f,https://drive.google.com/file/d/1b4gYZx1foQfb46d3uSpPgswYPTa-lfjb/view?usp=sharing,drive.google.com
source::d457fe7ad0c8,https://drive.google.com/file/d/1CB-9Xlx6Me7HiJJRz8A33vIGI_TMvSL-/view?usp=drive_link,drive.google.com
source::d5ca33f3faf8,https://drive.google.com/file/d/1ncm9XQrvISQzwjuulJeUSI6cM-rHBR7d,drive.google.com
source::d73f234fafbf,https://drive.google.com/file/d/1DvHKUg-EwmlVuZcFdE1A-8wIr3Cm9O_y,drive.google.com
source::d867c9694568,https://drive.google.com/file/d/1GUdXgrSqaSUP_LHN3CTN0LcV0Gc0s4AQ/view?usp=drive_link,drive.google.com
source::d9c6f25f8d5a,https://be.marketscreener.com/koers/aandeel/CHAOWEI-POWER-HOLDINGS-LI-6660661/nieuws/Chaowei-Power-Holdings-Limited-kondigt-benoeming-aan-van-de-heer-Sun-Wenping-tot-onafhankelijk-niet-46244196/,be.marketscreener.com
source::da63ea50a6b6,Resource Matters Field Research,
source::dbeacee44009,Personal communication,
source::dcdfc02f2ecd,https://drive.google.com/file/d/1lGJRKkwsUCiUq6NjPQq_GKp1GHL_PYbJ,drive.google.com
source::df373c53be0e,https://drive.google.com/file/d/1H5Ln1mH8E6hBzmpC4QZHDiPg-aFD2NyZ,drive.google.com
source::e009bb23d597,https://drive.google.com/file/d/10prfuBRoza-cFQVu7Go9NO2YKRJxYvoS,drive.google.com
source::e07d96a20ddd,https://drive.google.com/file/d/1Tq3ptkjbjy0J4Ss4xysPEVpgXT0aGvLc,drive.google.com
source::e3486f21a07c,https://drive.google.com/file/d/1xakj0j66FyUTX3IJqnuEn8r2eYLUUtTZ,drive.google.com
source::e43972f2271f,https://drive.google.com/file/d/1xkwp3SB8KuuKV7lwQ06rW_L4aC89pWg3,drive.google.com
source::e899cdebc40a,https://drive.google.com/file/d/1Y2LFMICGWkzWOt6o1FN6A69-I2oF8w8-/view?usp=drive_link,drive.google.com
source::eb1efb5a65d0,"https://drive.google.com/file/d/1h5K1O5DObwkHD7HPKPmNgmE0TNac84Qq, page 49",drive.google.com
source::ec9db76a5f27,https://drive.google.com/file/d/1QuE33m3Lwl9RglbCR1ipQGfWdnfkXmDP/view?usp=drive_link,drive.google.com
source::ee1fd67cf276,https://drive.google.com/file/d/1fP_d45oOq525lubi5q6MqoaVEnOv_o1p,drive.google.com
source::f1d43a50addb,https://drive.google.com/file/d/1F_Gkyd4ZjKHxuLBOC4rlfKOJ_VtDY0mE/view,drive.google.com
source::f5bdde98962f,https://drive.google.com/file/d/1jEv0Kz-nDstYvZNZ9W2gv-x6le6AzfMr/view?usp=drive_link,drive.google.com
source::f657ac7e1f99,https://drive.google.com/file/d/1YoYzT3ajZwrFPit07xVl8nE2u5bYoH6b,drive.google.com
source::f663a60f88fc,https://drive.google.com/file/d/1QgBqUmqXXvmfCVTTsltO44DXmQyC_Ze8,drive.google.com
source::f9a118a09482,https://drive.google.com/file/d/1vyqzCI0SxLQa_q-CiFKQibrG43qwSN7o,drive.google.com
source::fa042682838e,https://drive.google.com/file/d/1B3EaAJ-B-d8aaZwdZ8y0ZmOUbjwqx0go,drive.google.com
source::faf00d6bd2ac,https://drive.google.com/file/d/14vw50XNEv8VJDuT7tynrzo5bo4ayRvk_,drive.google.com
source::fb6da6b261f2,https://drive.google.com/file/d/19RnDjM4YGgegbVfGwWQj7azMosU9KXZw,drive.google.com
source::ff1311be2ff0,https://drive.google.com/file/d/13qdgwqIlneT3YOqK77wjiXpaDQgxk9HX,drive.google.com
source::ff1abb2935c1,https://drive.google.com/file/d/1KS1CCvksA3Uymz7eQfwl1Yy47KhU57r4/view?usp=drive_link,drive.google.com
source::ffb1f812c9f0,https://drive.google.com/file/d/1Msn_njol5FVEgtoeNmGohZG26K80qokW,drive.google.com
source::ffef6b84cabe,https://drive.google.com/file/d/1ggqV-px8mBOIOKtsA_foaFXPhcVLlfFM/view?usp=sharing,drive.google.com
